name;task;competence;willingness
Alice;rescue;0.26119538759999983;0.26119538759999983
Alice;search;0.5611953876000003;0.6111953875999999