name;task;competence;willingness
Alice;rescue;0.26119538759999983;0.26119538759999983
Alice;search;0.5611953876000003;0.6111953875999999
Alice;rescue;0.6725176559999998;0.6725176559999998
Alice;search;0.38251765600000076;0.6913222684
Alice;rescue;0.7547304583000001;0.7547304583000001
Alice;search;0.4372481143000012;0.7547304583000001