name;task;competence;willingness
Vlad;rescue;0.09201787960000002;0.09201787960000002
Vlad;search;0.14201787960000006;0.14201787960000006
