name;task;competence;willingness
Alice;rescue;0.6725176559999998;0.6725176559999998
Alice;search;0.38251765600000076;0.6913222684
