name;task;competence;willingness
Vlad;rescue;0.2584142495;0.2584142495
Vlad;search;0.30841424950000007;0.3584142495000001
