name;task;competence;willingness
Vlad;rescue;0.3201938393;0.3201938393
Vlad;search;0.12019383929999997;0.22019383929999994
