name;task;competence;willingness
Vlad;rescue;0.2665846649;0.2665846649
Vlad;search;0.31658466490000003;0.3665846649000001
