name;task;competence;willingness
puya;0.9999999999999999;0.9999999999999999
puya;1.0;1.0
