name;task;competence;willingness
Vlad;rescue;0.427088506584;0.427088506584
Vlad;search;0.427088506584;0.427088506584
