name;task;competence;willingness
Vlad;rescue;0.399241318376;0.399241318376
Vlad;search;0.399241318376;0.399241318376
