name;task;competence;willingness
Ben;rescue;0.3086106782489998;0.15861067824899974
Ben;search;-0.7599999999999998;-0.25
