name;task;competence;willingness
Alice;rescue;0.7547304583000001;0.7547304583000001
Alice;search;0.4372481143000012;0.7547304583000001
