name;task;competence;willingness
Vlad;rescue;0.040125453501;0.14012545350100003
Vlad;search;0.09012545350099999;0.09012545350099999
